{
    "timestamp": "20250122_183124",
    "embedding": [
        [
            1.4098533391952515,
            17.30901336669922
        ],
        [
            2.465770959854126,
            16.9200382232666
        ],
        [
            2.015425682067871,
            18.007423400878906
        ],
        [
            2.6277806758880615,
            18.6527156829834
        ],
        [
            2.1627018451690674,
            15.972601890563965
        ],
        [
            0.5595690011978149,
            17.01024055480957
        ],
        [
            0.8709930777549744,
            16.17616844177246
        ],
        [
            3.0674355030059814,
            17.864774703979492
        ],
        [
            1.2276556491851807,
            18.5833683013916
        ]
    ],
    "clusters": [
        -1,
        -1,
        -1,
        -1,
        -1,
        -1,
        -1,
        -1,
        -1
    ],
    "categories": [
        "Vision",
        "Vision",
        "Math",
        "Language",
        "Language",
        "Emotion",
        "Emotion",
        "Pattern Recognition",
        "Pattern Recognition"
    ]
}